fec_candidate_id,name,party,state,national_party
S6ID00146,"ACHILLES, TODD BAKER",IND,ID,INDEPENDENT
S6TX00578,"ADEFOPE, JOHN",REP,TX,REPUBLICAN PARTY
S6MS00109,"ADLAKHA, SARAH ANNE DR",REP,MS,REPUBLICAN PARTY
S6NC00365,"AGNEW, BROOKS ALEXANDER",REP,NC,REPUBLICAN PARTY
S6LA00706,"ALBARES, NICHOLAS S.",DEM,LA,DEMOCRATIC PARTY
S6ME00308,"ALCALA, NATASHA",DEM,ME,DEMOCRATIC PARTY
S6ME00423,"ALCORN, ETHAN WELD MR",UN,ME,UNAFFILIATED
S6TX00305,"ALLEN, KEITH",REP,TX,REPUBLICAN PARTY
S4TX00722,"ALLRED, COLIN",DEM,TX,DEMOCRATIC PARTY
S6MT00295,"ALME, KURT",REP,MT,REPUBLICAN PARTY
S6TX00370,"ALVAREZ, ANDREW",REP,TX,REPUBLICAN PARTY
S6SC04239,"ANDREWS, ANNIE",DEM,SC,DEMOCRATIC PARTY
S6DE00263,"APPELHANS, JEFFERY RYAN",DEM,DE,DEMOCRATIC PARTY
S6IA00314,"ARENHOLZ, ASHLEY HINSON",REP,IA,REPUBLICAN PARTY
S6UT00287,"ARRINGTON, BRYAN LAMONT SGT.",UN,UT,UNAFFILIATED
S6LA00516,"ARRINGTON, RANDALL STEVEN PHD",REP,LA,REPUBLICAN PARTY
S6LA00524,"ARRINGTON, RANDALL STEVEN PHD",REP,LA,REPUBLICAN PARTY
S6AR00207,"ASHBY, MICAH",REP,AR,REPUBLICAN PARTY
S6FL00749,"ATKINS, JOEY MENDOZA",DEM,FL,DEMOCRATIC PARTY
S6MT00261,"AUSTIN, KYLE",LIB,MT,LIBERTARIAN PARTY
S6NE00178,"AXTELL SCHULTZ, DEBRA LEANNE MS",REP,NE,REPUBLICAN PARTY
S8MA00268,"AYYADURAI, SHIVA DR",IND,MA,INDEPENDENT
S6RI00288,"BAHRY, MICHAEL",IND,RI,INDEPENDENT
S6CO00507,"BAISLEY, MARK",REP,CO,REPUBLICAN PARTY
S6MT00253,"BANKHEAD, ALANI INES",DEM,MT,DEMOCRATIC PARTY
S8FL00323,"BAPTISTE, ASHLEY JEAN",REP,FL,REPUBLICAN PARTY
S6KY00286,"BARR, GARLAND ANDY",REP,KY,REPUBLICAN PARTY
S6GA00317,"BARTELL, ELBERT",IND,GA,INDEPENDENT
S6IL00532,"BARTZIS, PANAGIOTI JOHN MR",REP,IL,REPUBLICAN PARTY
S6SC04262,"BAUER, ANDRE",REP,SC,REPUBLICAN PARTY
S6DE00156,"BEARDSLEY, CHRISTOPHER MR.",DEM,DE,DEMOCRATIC PARTY
S6SD01125,"BEAUDION, JULIAN C",DEM,SD,DEMOCRATIC PARTY
S6MA00270,"BECH, NATHAN ALEXANDER",REP,MA,REPUBLICAN PARTY
S6OK04155,"BECK, WILLIAM EVAN SCOTT",DEM,OK,DEMOCRATIC PARTY
S6ME00456,"BELLOWS, SHENNA",DEM,ME,DEMOCRATIC PARTY
S6WY00258,"BENAVIDEZ, BILLY ARTHUR",DEM,WY,DEMOCRATIC PARTY
S6TX00560,"BENDER, ANNA",REP,TX,REPUBLICAN PARTY
S6SD01117,"BENGS, BRIAN",IND,SD,INDEPENDENT
S6MI00400,"BENHAM, KENT",REP,MI,REPUBLICAN PARTY
S6IL00391,"BENNETT, DOUGLAS",REP,IL,REPUBLICAN PARTY
S6IA00199,"BERMAN, JOHN",REP,IA,REPUBLICAN PARTY
S6OH00312,"BIBLER, BRIAN CHRISTOPHER MR",REP,OH,REPUBLICAN PARTY
S0TX00365,"BIERSCHWALE, VIRGIL",REP,TX,REPUBLICAN PARTY
S6MT00246,"BLACKWOLF, MICHAEL JAMES MR.",DEM,MT,DEMOCRATIC PARTY
S6DE00164,"BLAND, DEXTER",IND,DE,INDEPENDENT
S6MT00287,"BODNAR, SETH",IND,MT,INDEPENDENT
S6ID00179,"BONDS, NICKOLAS",DEM,ID,DEMOCRATIC PARTY
S6KY00385,"BOOKER, CHARLES",DEM,KY,DEMOCRATIC PARTY
S4NJ00185,"BOOKER, CORY A.",DEM,NJ,DEMOCRATIC PARTY
S6IL00656,"BOTSFORD, STEVE",DEM,IL,DEMOCRATIC PARTY
S6GA00267,"BOX, REAGAN",REP,GA,REPUBLICAN PARTY
S4TN00542,"BRADSHAW, MARQUITA",DEM,TN,DEMOCRATIC PARTY
S6MI00558,"BRAGGS, MARNISHA BRECHE",REP,MI,REPUBLICAN PARTY
S0NC00335,"BRAY, SHANNON",LIB,NC,LIBERTARIAN PARTY
S6SC04338,"BRENKUS, JASON ELLIOT",LIB,SC,LIBERTARIAN PARTY
S6PA00357,"BRENNER, GARY DAVID MR JR",DEM,PA,DEMOCRATIC PARTY
S6CO00408,"BRESLIN, KAREN",DEM,CO,DEMOCRATIC PARTY
S6TN00380,"BREWER, MARIA A",DEM,TN,DEMOCRATIC PARTY
S6OH00411,"BREWER, M SUSANNA MRS.",REP,OH,REPUBLICAN PARTY
S6GA00465,"BRIGMAN, BRADLEY",REP,GA,REPUBLICAN PARTY
S6WA00461,"BRISCO, DELBERT EUGENE MR",CON,WA,CONSTITUTION PARTY
S6MN00523,"BROOKS, CHRISTOPHER JARRED",REP,MN,REPUBLICAN PARTY
S6SC04270,"BROWN, BRANDON",DEM,SC,DEMOCRATIC PARTY
S6NC00373,"BROWN, DON",REP,NC,REPUBLICAN PARTY
S6TX00594,"BROWN GAINES, JENNIFER TAWANDA",LBL,TX,LIBERAL PARTY
S6NH00166,"BROWN, SCOTT P.",REP,NH,REPUBLICAN PARTY
S6OH00163,"BROWN, SHERROD",DEM,OH,DEMOCRATIC PARTY
S4TX00888,"BROWN, THEODORE E. JR.",LIB,TX,LIBERTARIAN PARTY
S2SC00145,"BRUCE, CATHERINE FLEMING MS.",DEM,SC,DEMOCRATIC PARTY
S6SC04395,"BUCKNER, DUKE",REP,SC,REPUBLICAN PARTY
S6OK04254,"BUCKNER, WILLIAM SEAN",REP,OK,REPUBLICAN PARTY
S6NE00145,"BURBANK, CINDY",DE,NE,
S6RI00270,"BURBRIDGE, CONNOR",DEM,RI,DEMOCRATIC PARTY
S6LA00607,"BURKE, TRACIE",DEM,LA,DEMOCRATIC PARTY
S6GA00457,"BURTON, MARQUETT DAVON",REP,GA,REPUBLICAN PARTY
S6AL00500,"BURTON, MATTHEW SETH",REP,AL,REPUBLICAN PARTY
S6IL00565,"BUSTOS, AWISI",DEM,IL,DEMOCRATIC PARTY
S6WY00217,"BYRD, JAMES WILLARD MR.",DEM,WY,DEMOCRATIC PARTY
S6TX00420,"CAIN, JOSHUA",IND,TX,INDEPENDENT
S6ME00316,"CALABRESE, CARMEM VINCENT MR.",REP,ME,REPUBLICAN PARTY
S6ME00324,"CALABRESE, CARMEN VINCENT MR.",REP,ME,REPUBLICAN PARTY
S6CO00523,"CALDERON, AMANDA J JILLIAN MRS",REP,CO,REPUBLICAN PARTY
S6MT00329,"CALHOUN, LEE",REP,MT,REPUBLICAN PARTY
S6NJ00354,"CALLAHAN, SAXON",DEM,NJ,DEMOCRATIC PARTY
S6KY00237,"CAMERON, DANIEL",REP,KY,REPUBLICAN PARTY
S6KY00377,"CAMPBELL, CHRISTOPHER TODD",OTH,KY,OTHER
S6TX00545,"CANADY, SARA LARUE",REP,TX,REPUBLICAN PARTY
S4WV00159,"CAPITO, SHELLEY MOORE",REP,WV,REPUBLICAN PARTY
S6GA00358,"CAPPARELL, CHRISTOPHER PAUL",REP,GA,REPUBLICAN PARTY
S6IL00490,"CAPPARELLI, R CARY",REP,IL,REPUBLICAN PARTY
S4NJ00342,"CARDUCCI, NICHOLAS MATTHEW",IND,NJ,INDEPENDENT
S6IA00249,"CARLIN, JAMES",REP,IA,REPUBLICAN PARTY
S6CA01103,"CARLSON, OWEN",DEM,CA,DEMOCRATIC PARTY
S6ME00472,"CARLSON, OWEN NICHOLAS",TX,ME,TAXPAYERS
S6MO00495,"CARLSON, OWEN NICHOLAS",NLP,MO,NATURAL LAW PARTY
S6AR00231,"CARLSON, OWEN NICHOLAS",NON,AR,NON-PARTY
S6AZ00431,"CARLSON, OWEN NICHOLAS",DEM,AZ,DEMOCRATIC PARTY
S6HI00313,"CARLSON, OWEN NICHOLAS",LBL,HI,LIBERAL PARTY
S6MD03698,"CARLSON, OWEN NICHOLAS",JCN,MD,JEWISH/CHRISTIAN NATIONAL
S6NC00589,"CARLSON, OWEN NICHOLAS",OE,NC,ONE EARTH PARTY
S6VI00018,"CARLSON, OWEN NICHOLAS",PCH,VI,PERSONAL CHOICE PARTY
S6MD03698,"CARLSON, OWEN NICHOLAS",JCN,MD,JEWISH/CHRISTIAN NATIONAL
S6OH00460,"CARLSON, OWEN NICHOLAS",LIB,OH,LIBERTARIAN PARTY
S6UT00295,"CARLSON, OWEN NICHOLAS",ICD,UT,INDEPENDENT CONSERVATIVE DEMOCRATIC
S6VA00242,"CARLSON, OWEN NICHOLAS",NNE,VA,NONE
S6MO00495,"CARLSON, OWEN NICHOLAS",NLP,MO,NATURAL LAW PARTY
S6PA00381,"CARLSON, OWEN NICHOLAS",PAF,PA,PEACE AND FREEDOM
S6WY00241,"CARLSON, OWEN NICHOLAS",IND,WY,INDEPENDENT
S6NV00366,"CARLSON, OWEN NICHOLAS",IND,NV,INDEPENDENT
S6DC00022,"CARLSON, OWEN NICHOLAS",LBU,DC,LIBERTY UNION PARTY
S6PR00017,"CARLSON, OWEN NICHOLAS",NPA,PR,NO PARTY AFFILIATION
S6HI00313,"CARLSON, OWEN NICHOLAS",LBL,HI,LIBERAL PARTY
S6ME00472,"CARLSON, OWEN NICHOLAS",TX,ME,TAXPAYERS
S6WV00220,"CARLSON, OWEN NICHOLAS",VET,WV,VETERANS PARTY
S6NM01194,"CARRARO, JOSEPH JOHN",IND,NM,INDEPENDENT
S6GA00374,"CARTER, EARL LEROY",REP,GA,REPUBLICAN PARTY
S4LA00107,"CASSIDY, WILLIAM M.",REP,LA,REPUBLICAN PARTY
S0OK00420,"CASSITY, R.O.",DEM,OK,DEMOCRATIC PARTY
S6NJ00495,"CASTILLO NICASIO, EDUARDO JOSE",W,NJ,WRITE-IN
S6KY00401,"CATLETT, ANISSA",REP,KY,REPUBLICAN PARTY
S4TN00583,"CHANDLER, THARON",IND,TN,INDEPENDENT
S6NM01178,"CHANNON, MATT",REP,NM,REPUBLICAN PARTY
S6GA00291,"CHAPMAN, CHRISTOPH LA'FLARE",REP,GA,REPUBLICAN PARTY
S6CO00556,"CHEW, BOB",OTH,CO,OTHER
S6CO00549,"CHEW, ROBERT",FWD,CO,
S6NM01152,"CHICK, CAMERON ALTON MR. SR.",IND,NM,INDEPENDENT
S6IL00466,"CHLEBEK, CASIMER MR.",REP,IL,REPUBLICAN PARTY
S6MI00442,"CHRISTENSEN, LYDIA LYNN",LIB,MI,LIBERTARIAN PARTY
S6FL00905,"CHURCHILL, PANO DR",IND,FL,INDEPENDENT
S6GA00366,"CLEMENT, CHRISTINA LOREN REV DR TRUSTE",REP,GA,REPUBLICAN PARTY
S6AL00526,"COLBERT, MICHAEL",REP,AL,REPUBLICAN PARTY
S6GA00390,"COLLINS, MICHAEL A JR",REP,GA,REPUBLICAN PARTY
S6ME00159,"COLLINS, SUSAN M.",REP,ME,REPUBLICAN PARTY
S6MS00133,"COLOM, SCOTT",DEM,MS,DEMOCRATIC PARTY
S2NC00745,"COLON, ROBERT",DEM,NC,DEMOCRATIC PARTY
S6MT00337,"COOK, CHARLIE",DEM,MT,DEMOCRATIC PARTY
S0DE00092,"COONS, CHRISTOPHER A.",DEM,DE,DEMOCRATIC PARTY
S6NC00407,"COOPER, ROY",DEM,NC,DEMOCRATIC PARTY
S6DE00214,"COPPOLA, ALEC",REP,DE,REPUBLICAN PARTY
S2TX00106,"CORNYN, JOHN SEN",REP,TX,REPUBLICAN PARTY
S4ME00113,"COSTELLO, DAVID",DEM,ME,DEMOCRATIC PARTY
S6LA00656,"COTTONHAM, MARKEDA ANN",REP,LA,REPUBLICAN PARTY
S4AR00103,"COTTON, THOMAS",REP,AR,REPUBLICAN PARTY
S6SC04379,"COWEN, CALVIN",REP,SC,REPUBLICAN PARTY
S4GA11202,"COYNE, JOHN F III",REP,GA,REPUBLICAN PARTY
S6MN00499,"CRAIG, ANGIE",DEM,MN,DEMOCRATIC PARTY
S6LA00680,"CROCKETT, GARY",DEM,LA,DEMOCRATIC PARTY
S6TX00552,"CROCKETT, JASMINE",DEM,TX,DEMOCRATIC PARTY
S6FL00723,"CRUZ, PAUL RON",DEM,FL,DEMOCRATIC PARTY
S2MT00096,"DAINES, STEVE",REP,MT,REPUBLICAN PARTY
S4CO00452,"DALE, CLINTON ROOSEVELT",IND,CO,INDEPENDENT
S6VA00184,"DANIELS, LORITA DR.",DEM,VA,DEMOCRATIC PARTY
S6NC00472,"DANSIE, RICHARD",REP,NC,REPUBLICAN PARTY
S6SC04296,"DANS, PAUL",REP,SC,REPUBLICAN PARTY
S6KS00247,"DAVIS, CHRISTY",DEM,KS,DEMOCRATIC PARTY
S6LA00615,"DAVIS, JAMIE",DEM,LA,DEMOCRATIC PARTY
S6MA00262,"DAWICKI, MORGAN GIFFORD",IND,MA,INDEPENDENT
S6IL00623,"DEAN, JONATHAN",DEM,IL,DEMOCRATIC PARTY
S6MA00304,"DEATON, JOHN",REP,MA,REPUBLICAN PARTY
S6NC00399,"DEBERRY, SHAUNESI YVETTE",IND,NC,INDEPENDENT
S6NC00381,"DEBERRY, SHAUNESI YVETTE",IND,NC,INDEPENDENT
S6IL00607,"DELGADO, ADAM",DEM,IL,DEMOCRATIC PARTY
S6LA00599,"DENDY, TRACY COLLENE",REP,LA,REPUBLICAN PARTY
S6VA00226,"DE PAULA, ALEX",REP,VA,REPUBLICAN PARTY
S6AK00235,"DIENER, ANN",DEM,AK,DEMOCRATIC PARTY
S6FL00731,"DIMOLA, FRANK",DEM,FL,DEMOCRATIC PARTY
S6SC04361,"DISMUKES, THOMAS KEITH",REP,SC,REPUBLICAN PARTY
S6NM01145,"DODSON, MATT",DEM,NM,DEMOCRATIC PARTY
S6GA00408,"DOOLEY, DEREK",REP,GA,REPUBLICAN PARTY
S6FL00566,"DOUGHERTY, KAEL",DEM,FL,DEMOCRATIC PARTY
S6NC00563,"DUBLIN, MICHAEL LOUIS JR.",GRE,NC,GREEN PARTY
S6NC00456,"DUES, JUSTIN",DEM,NC,DEMOCRATIC PARTY
S6AR00173,"DUNBAR, ETHAN N SR.",DEM,AR,DEMOCRATIC PARTY
S6TX00339,"DUNCAN, ALEXANDER",REP,TX,REPUBLICAN PARTY
S6TX00354,"DUNCAN, ALEXANDER",REP,TX,REPUBLICAN PARTY
S6KY00419,"DUNCAN, JAMES D",REP,KY,REPUBLICAN PARTY
S6KY00195,"DUNCAN, SCOTT MICHEAL",IND,KY,INDEPENDENT
S6NE00137,"DUNN, EDWARD MR.",REP,NE,REPUBLICAN PARTY
S6NC00449,"DUPRE, MARGOT",REP,NC,REPUBLICAN PARTY
S6IL00151,"DURBIN, RICHARD J.",DEM,IL,DEMOCRATIC PARTY
S0OR00378,"DYE, GARY",LIB,OR,LIBERTARIAN PARTY
S6VA00192,"EICHELBERGER, GREGORY",DEM,VA,DEMOCRATIC PARTY
S6SC04221,"ELLISON, JACK",NNE,SC,NONE
S6MI00418,"EL-SAYED, ABDUL",DEM,MI,DEMOCRATIC PARTY
S6LA00581,"EMERSON, JULIE CATHRYN",REP,LA,REPUBLICAN PARTY
S6OK04288,"ENGLAND, GARY TY MR.",REP,OK,REPUBLICAN PARTY
S4IA00129,"ERNST, JONI K",REP,IA,REPUBLICAN PARTY
S4NJ00524,"ESTRADA, MICHAEL",IND,NJ,INDEPENDENT
S6DC00055,"EUGENE, EARVIN PHILLIP",REP,DC,REPUBLICAN PARTY
S6ME00399,"EVANS, DAVID ALAN",IND,ME,INDEPENDENT
S6IL00672,"EVANS, JEANNIE",REP,IL,REPUBLICAN PARTY
S6ID00120,"EVANS, JOE",REP,ID,REPUBLICAN PARTY
S6WV00147,"EVANS, JONATHAN DERRICK",REP,WV,REPUBLICAN PARTY
S6TX00446,"EVANS, RONALD JR",IND,TX,INDEPENDENT
S6VA00143,"FARINGTON, KIM",REP,VA,REPUBLICAN PARTY
S6KY00260,"FARIS, MICHAEL",REP,KY,REPUBLICAN PARTY
S6KY00278,"FARIS, MICHAEL JAMES",REP,KY,REPUBLICAN PARTY
S8OH00144,"FARIS, STEPHEN I MR",IND,OH,INDEPENDENT
S6OH00320,"FARMS, WILLIAM",DEM,OH,DEMOCRATIC PARTY
S6NC00530,"FARROW, DARYL",DEM,NC,DEMOCRATIC PARTY
S6ME00357,"FAVREAU, TUCKER",DEM,ME,DEMOCRATIC PARTY
S0NJ00258,"FERNANDEZ, VERONICA",IND,NJ,INDEPENDENT
S6WV00188,"FETTY ANDERSON, RACHEL LEE",DEM,WV,DEMOCRATIC PARTY
S6NJ00404,"FIELDS, CHRIS",DEM,NJ,DEMOCRATIC PARTY
S6MN00440,"FLANAGAN, MARGARET",DFL,MN,DEMOCRATIC-FARMER-LABOR
S6LA00318,"FLEMING, JOHN C. JR.",REP,LA,REPUBLICAN PARTY
S0ID00172,"FLEMING, NATALIE M",UN,ID,UNAFFILIATED
S6NE00160,"FORBES, WILLIAM",DEM,NE,DEMOCRATIC PARTY
S6TX00404,"FORD, CAMENCIA",NNE,TX,NONE
S6KY00328,"FORSYTHE, LOGAN",DEM,KY,DEMOCRATIC PARTY
S6SC04197,"FREEMAN, KYLE ODONNELL",DEM,SC,DEMOCRATIC PARTY
S6SC04403,"FRY, RUSSELL",REP,SC,REPUBLICAN PARTY
S6CA01046,"FULKERSON, HEATH VINCENT",REP,CA,REPUBLICAN PARTY
S6WV00154,"GAASERUD, ALEXANDER",REP,WV,REPUBLICAN PARTY
S6MA00312,"GATES, WILLIAM FRANCIS MR.",DEM,MA,DEMOCRATIC PARTY
S6FL00863,"GILESPIE, NEIL JOSEPH",NPA,FL,NO PARTY AFFILIATION
S6NH00158,"GIOVONIZZI, MATTHEW S",NON,NH,NON-PARTY
S6SC04254,"GIRACELLO, CHRISTOPHER",DEM,SC,DEMOCRATIC PARTY
S6SC04304,"GLASER, CINDY E",IND,SC,INDEPENDENT
S6AL00401,"GLASGOW, VALMA K",DEM,AL,DEMOCRATIC PARTY
S6FL00848,"GLEASON, CHRISTOPHER",REP,FL,REPUBLICAN PARTY
S6CO00499,"GONZALES, JULIE",DEM,CO,DEMOCRATIC PARTY
S6IL00425,"GOODMAN, JOHN",REP,IL,REPUBLICAN PARTY
S6FL00699,"GOULD, CHARLES AKA ALEX A",DEM,FL,DEMOCRATIC PARTY
S6SC04437,"GRAHAM, DARLINE",REP,SC,REPUBLICAN PARTY
S2KS00154,"GRAHAM, DAVID C.",LIB,KS,LIBERTARIAN PARTY
S0SC00149,"GRAHAM, LINDSEY O.",REP,SC,REPUBLICAN PARTY
S2FL00425,"GRANDA, GRACE",UNK,FL,UNKNOWN
S2FL00581,"GRAYSON, ALAN MARK",DEM,FL,DEMOCRATIC PARTY
S6IN00282,"GREEN, CARMEN CHARMAINE",AIP,IN,AMERICAN INDEPENDENT PARTY
S6OK04171,"GREEN, TROY WESLEY",DEM,OK,DEMOCRATIC PARTY
S6MN00507,"GRUENHAGEN, ALYCIA",REP,MN,REPUBLICAN PARTY
S6AK00284,"HAFNER, CAROL",DEM,AK,DEMOCRATIC PARTY
S6WY00209,"HAGEMAN, HARRIET",REP,WY,REPUBLICAN PARTY
S0TN00169,"HAGERTY, BILL",REP,TN,REPUBLICAN PARTY
S6TX00636,"HALL, BRADFORD WINSTON",W,TX,WRITE-IN
S6KS00312,"HAMILTON, ADAM",DEM,KS,DEMOCRATIC PARTY
S6FL00632,"HAMILTON, MICHAELANGELO COLLINS",REP,FL,REPUBLICAN PARTY
S6NC00514,"HAMMOND, ALYSSIA ROSE-KATHERINE",DEM,NC,DEMOCRATIC PARTY
S6AZ00415,"HAMPTON, EDWARD J MR",REP,AZ,REPUBLICAN PARTY
S6OK04213,"HANKINS, NICKY JOE",REP,OK,REPUBLICAN PARTY
S6OK04239,"HANKINS, NICKY JOE",REP,OK,REPUBLICAN PARTY
S6MN00531,"HANN, DAVID W",REP,MN,REPUBLICAN PARTY
S6DE00271,"HANSEN, E. NO-TRUMP",DEM,DE,DEMOCRATIC PARTY
S4DE00094,"HANSEN, ERIC",DEM,DE,DEMOCRATIC PARTY
S6IL00680,"HARRINGTON, WHITFIELD MR JR",IND,IL,INDEPENDENT
S6KS00304,"HART, JASON",DEM,KS,DEMOCRATIC PARTY
S6CO00473,"HASLEY, BRASHAD D",DEM,CO,DEMOCRATIC PARTY
S4TX00821,"HASSAN, AHMAD",DEM,TX,DEMOCRATIC PARTY
S8AK00140,"HEIKES, GERALD L. (JERRY)",REP,AK,REPUBLICAN PARTY
S6IA00306,"HENRY, CHRIS",DEM,IA,DEMOCRATIC PARTY
S2OR00234,"HENRY, CHRIS",PRO,OR,PROGRESSIVE PARTY
S6OK04247,"HERN, KEVIN",REP,OK,REPUBLICAN PARTY
S6SC04346,"HERRMANN, PATRICK JOSEPH",REP,SC,REPUBLICAN PARTY
S6MI00384,"HEURTEBISE, FREDERICK",REP,MI,REPUBLICAN PARTY
S0CO00575,"HICKENLOOPER, JOHN W.",DEM,CO,DEMOCRATIC PARTY
S6LA00490,"HOLDER, CHRISTOPHER LEE MR.",REP,LA,REPUBLICAN PARTY
S6OH00437,"HOLLIMAN, ANTHONY JOHN",IND,OH,INDEPENDENT
S6SC04189,"HOLLIMAN, ETHAN CLAY",REP,SC,REPUBLICAN PARTY
S8WY00213,"HOLTZ, JOHN",REP,WY,REPUBLICAN PARTY
S6IL00722,"HORGES, BRADLEY LAMAR MR. JR.",W,IL,WRITE-IN
S6AK00268,"HOUSE DARDEN, DUSTIN THOMAS",REP,AK,REPUBLICAN PARTY
S6AL00419,"HOWARD, JAMES GREGORY MR JR",DEM,AL,DEMOCRATIC PARTY
S6MI00467,"HOWARD, RACHEL ELIZABETH",DEM,MI,DEMOCRATIC PARTY
S6AL00443,"HUDSON, JARED",REP,AL,REPUBLICAN PARTY
S4MT00217,"HUMMERT, MICHAEL",DEM,MT,DEMOCRATIC PARTY
S6TX00511,"HUNT, WESLEY",REP,TX,REPUBLICAN PARTY
S6TX00602,"HUSE, RODGER",US,TX,
S6OH00304,"HUSTED, JON",REP,OH,REPUBLICAN PARTY
S8MS00261,"HYDE-SMITH, CINDY",REP,MS,REPUBLICAN PARTY
S4OK00083,"INHOFE, JAMES M. SEN.",REP,OK,REPUBLICAN PARTY
S6NH00174,"INNIS, DAN",REP,NH,REPUBLICAN PARTY
S6GA00275,"JACKSON, DEVELLE LAVAUGHN",IND,GA,INDEPENDENT
S6ME00464,"JACKSON, TROY DALE",DEM,ME,DEMOCRATIC PARTY
S6MT00311,"JANDRON, TOM",LIB,MT,LIBERTARIAN PARTY
S6FL00798,"JENKINS, JENNIFER",DEM,FL,DEMOCRATIC PARTY
S6NC00431,"JOHNSON, CONSTANCE ""CONNIE""",OTH,NC,OTHER
S6MI00475,"JOHNSON II, CRAIG HENLEY MR II",IND,MI,INDEPENDENT
S6SC04288,"JOHNSON, LEE",DEM,SC,DEMOCRATIC PARTY
S6NY00474,"JOHNSON, RACHEAL ALISA",DEM,NY,DEMOCRATIC PARTY
S6NC00480,"JOHNSON, THOMAS LEE",REP,NC,REPUBLICAN PARTY
S6LA00508,"JOHN, XAN MR.",REP,LA,REPUBLICAN PARTY
S6CO00481,"JONES, DATHAN CHARLES",REP,CO,REPUBLICAN PARTY
S6IL00664,"JONES, LLOYD",REP,IL,REPUBLICAN PARTY
S6TN00372,"JONES, ROBERT THOMAS",IND,TN,INDEPENDENT
S6CO00440,"JOSHI, JANAK",REP,CO,REPUBLICAN PARTY
S6MI00491,"KAMAL, ANDREW",REP,MI,REPUBLICAN PARTY
S6DE00206,"KATZ, MICHAEL S DR.",REP,DE,REPUBLICAN PARTY
S6NC00555,"KEENER, LOGAN BENJAMIN DR",REP,NC,REPUBLICAN PARTY
S6MT00303,"KEHOE, CHRISTOPHER",DEM,MT,DEMOCRATIC PARTY
S6IL00474,"KELLY, ROBIN",DEM,IL,DEMOCRATIC PARTY
S6KY00229,"KENNEDY, WENDE CAROL MS",REP,KY,REPUBLICAN PARTY
S6WV00196,"KESSLER, JEFFREY VINCENT",DEM,WV,DEMOCRATIC PARTY
S6TX00362,"KHAN, GULREZ",REP,TX,REPUBLICAN PARTY
S6OH00361,"KINCAID, RONALD E JR",DEM,OH,DEMOCRATIC PARTY
S6GA00382,"KING, JOHN",REP,GA,REPUBLICAN PARTY
S6ME00381,"KLEBAN, DAN",DEM,ME,DEMOCRATIC PARTY
S6NY00458,"KOHLER, JOSEPH ANTHONY",DEM,NY,DEMOCRATIC PARTY
S6NY00441,"KOHLER, JOSEPH ANTHONY",DEM,NY,DEMOCRATIC PARTY
S8AK00066,"KOHLHAAS, SCOTT A.",LIB,AK,LIBERTARIAN PARTY
S6MI00541,"KOVALY, ROBERT",TX,MI,TAXPAYERS
S6IL00482,"KRISHNAMOORTHI, S",DEM,IL,DEMOCRATIC PARTY
S6CO00390,"KUEBLER, JOSHUA WILLIAM",IND,CO,INDEPENDENT
S4NJ00144,"KUNIANSKY, JOANNE",SWP,NJ,SOCIALIST WORKERS PARTY
S6LA00557,"LABRANCHE, JAMIE",W,LA,WRITE-IN
S6IA00181,"LAEHN, THOMAS RAYMOND DR.",LIB,IA,LIBERTARIAN PARTY
S6ME00340,"LAFLAMME, ANDREA",DEM,ME,DEMOCRATIC PARTY
S6NH00216,"LAMARE, DENNIS",REP,NH,REPUBLICAN PARTY
S6FL00657,"LANG, JAKE",REP,FL,REPUBLICAN PARTY
S2NH00223,"LAPLANTE, EDMOND",RNC,NH,
S6KS00254,"LAPORTE, CHASE",REP,KS,REPUBLICAN PARTY
S6FL00624,"LAROSE, JOSUE ECONOMIST",REP,FL,REPUBLICAN PARTY
S6AL00427,"LARRIETT, DAKARAI",DEM,AL,DEMOCRATIC PARTY
S6KS00320,"LATZ, KEVIN",DEM,KS,DEMOCRATIC PARTY
S6OH00338,"LAU, LYNNEA MS.",DEM,OH,DEMOCRATIC PARTY
S6OK04189,"LAVANN, REBEKAH JEQETTA",DEM,OK,DEMOCRATIC PARTY
S6ID00161,"LAVE, DENNY",REP,ID,REPUBLICAN PARTY
S6AL00492,"LAVENDER, LAMONT",DEM,AL,DEMOCRATIC PARTY
S6NM01129,"L, BEN R JR.",REP,NM,REPUBLICAN PARTY
S6IL00433,"LEAVELL, STANLEY MR.",DEM,IL,DEMOCRATIC PARTY
S6NJ00438,"LEBOVICS, ROBERT",REP,NJ,REPUBLICAN PARTY
S6GA00424,"LEGETTE, KIA",DEM,GA,DEMOCRATIC PARTY
S6AK00300,"LESLIE, DAVID BRYAN",DEM,AK,DEMOCRATIC PARTY
S6LA00664,"LETLOW, JULIA",REP,LA,REPUBLICAN PARTY
S6OH00395,"LEVY, GREGORY LEE",IND,OH,INDEPENDENT
S6RI00254,"LINDLEY, JON",IND,RI,INDEPENDENT
S6MS00117,"LITTELL, ALBERT R",DEM,MS,DEMOCRATIC PARTY
S6AR00215,"LITTLE, JEB",REP,AR,REPUBLICAN PARTY
S6IL00540,"LONG, PAMELA",REP,IL,REPUBLICAN PARTY
S6MI00566,"LONG, TIMOTHY E",UST,MI,U.S. TAXPAYERS PARTY
S6MN00465,"LOPEZ FRANZEN, MELISA",DEM,MN,DEMOCRATIC PARTY
S6ME00431,"LOUD, PAIGE",DEM,ME,DEMOCRATIC PARTY
S6SC04353,"LOUIS, DONAVAN ARTHUR MR",IND,SC,INDEPENDENT
S6DE00230,"LOUVE, MARY",DEM,DE,DEMOCRATIC PARTY
S0NM00058,"LUJAN, BEN RAY",DEM,NM,DEMOCRATIC PARTY
S0WY00137,"LUMMIS, CYNTHIA MARIE MRS.",REP,WY,REPUBLICAN PARTY
S6FL00673,"LYLES, TAMIKA MS",DEM,FL,DEMOCRATIC PARTY
S6SC04213,"LYNCH, MARK",REP,SC,REPUBLICAN PARTY
S6NJ00446,"MALDONADO, JUSTIN JUAN",IND,NJ,INDEPENDENT
S6NY00466,"MANCE, PATRICIA ANNETTE MISS",NYC,NY,
S6TX00297,"MANN, RENNIE HILL",REP,TX,REPUBLICAN PARTY
S6NH00182,"MANZUR, KARISHMA",DEM,NH,DEMOCRATIC PARTY
S6FL00947,"MARCHAND MINCIELI, PAIGE SUNDANCE",REP,FL,REPUBLICAN PARTY
S6NM01186,"MARKER, LARRY E",REP,NM,REPUBLICAN PARTY
S6CO00424,"MARKERT, GEORGE WASHINGTON MR V",REP,CO,REPUBLICAN PARTY
S4MA00028,"MARKEY, EDWARD SEN.",DEM,MA,DEMOCRATIC PARTY
S0KS00315,"MARSHALL, ROGER W",REP,KS,REPUBLICAN PARTY
S6AL00450,"MARSHALL, STEVEN T",REP,AL,REPUBLICAN PARTY
S4MI00512,"MARSH, DOUGLAS PHILIP",GRE,MI,GREEN PARTY
S4NH00096,"MARTIN, ANDY",REP,NH,REPUBLICAN PARTY
S6NE00152,"MARVIN, MIKE",OTH,NE,OTHER
S6TN00364,"MATTHEWS, YOSHI D.",IND,TN,INDEPENDENT
S6IL00649,"MAXWELL, BRYAN",DEM,IL,DEMOCRATIC PARTY
S6NH00232,"MAXWELL, MARY MS",REP,NH,REPUBLICAN PARTY
S6OR05200,"MCALMOND, RUSSELL",REP,OR,REPUBLICAN PARTY
S6FL00665,"MCBRIDE, EVELYN JANE'-MARIE DR",DEM,FL,DEMOCRATIC PARTY
S4SC00117,"MCBRIDE, MARK STROTHERS",REP,SC,REPUBLICAN PARTY
S6TN00406,"MCCANTS, KEVIN LEE MR.",DEM,TN,DEMOCRATIC PARTY
S2GA00282,"MCCOLUMN, JONATHAN MR",REP,GA,REPUBLICAN PARTY
S2KY00012,"MCCONNELL, MITCH",REP,KY,REPUBLICAN PARTY
S6NJ00388,"MCCORMICK, LISA",DEM,NJ,DEMOCRATIC PARTY
S6AK00292,"MCELWAIN, HEATHER G",REP,AK,REPUBLICAN PARTY
S6NC00464,"MCGINNIS, BRIAN",GRE,NC,GREEN PARTY
S0KY00339,"MCGRATH, AMY",DEM,KY,DEMOCRATIC PARTY
S6IN00241,"MCGUIRE, DOUGLAS RYAN",REP,IN,REPUBLICAN PARTY
S6IN00266,"MCGUIRE, DOUGLAS RYAN",REP,IN,REPUBLICAN PARTY
S6IN00258,"MCGUIRE, DOUGLAS RYAN",REP,IN,REPUBLICAN PARTY
S6IN00233,"MCGUIRE, DOUGLAS RYAN",REP,IN,REPUBLICAN PARTY
S6CA01038,"MCGURR, MATTHEW E.",DEM,CA,DEMOCRATIC PARTY
S4RI00051,"MCKAY, RAYMOND TYLER MR",REP,RI,REPUBLICAN PARTY
S4WV00365,"MCKINNEY, BRYAN",REP,WV,REPUBLICAN PARTY
S6MT00279,"MCLAUGHLIN, KATE",DEM,MT,DEMOCRATIC PARTY
S6MI00392,"MCMORROW, MALLORY",DEM,MI,DEMOCRATIC PARTY
S6TX00347,"MCNABB, BARRETT ANTHONY",REP,TX,REPUBLICAN PARTY
S6SD01133,"MCNEAL, JUSTIN S",REP,SD,REPUBLICAN PARTY
S4WV00407,"MCNULTY, JANET",REP,WV,REPUBLICAN PARTY
S6WY00225,"MEAD, SAMUEL",REP,WY,REPUBLICAN PARTY
S6OK04205,"MEINHARDT, RON",IND,OK,INDEPENDENT
S8OR00207,"MERKLEY, JEFFREY ALAN",DEM,OR,DEMOCRATIC PARTY
S6LA00540,"MIGUEZ, BLAKE",REP,LA,REPUBLICAN PARTY
S6AK00243,"MIKLOS, CHRISTOPHER",REP,AK,REPUBLICAN PARTY
S4TN00534,"MILLER-WATKINS, CIVIL",DEM,TN,DEMOCRATIC PARTY
S6ME00407,"MILLS, JANET TRAFTON",DEM,ME,DEMOCRATIC PARTY
S0VA00112,"MINA, ALDOUS D",REP,VA,REPUBLICAN PARTY
S6CO00416,"MINER, NICHOLE",DEM,CO,DEMOCRATIC PARTY
S8IL00215,"MINK, AUSTIN JAMES",IND,IL,INDEPENDENT
S6NJ00370,"MISSERI, MICHAEL",ASO,NJ,
S6SC04387,"MITCHELL, DARIUS L.",REP,SC,REPUBLICAN PARTY
S6TN00323,"MIXON, ANDREW WOODRUFF MR",IND,TN,INDEPENDENT
S6TN00331,"MIXON, ANDREW WOODRUFF MR",FED,TN,FEDERALIST
S8VA00321,"MIZUSAWA, BERT K",REP,VA,REPUBLICAN PARTY
S6TX00651,"MOHAMED, ZUL MIRZA",AMP,TX,AMERICAN PARTY
S6FL00640,"MOODY, ASHLEY",REP,FL,REPUBLICAN PARTY
S6AL00476,"MOORE, FELIX BARRY",REP,AL,REPUBLICAN PARTY
S6VA00218,"MORAN, MARK",IND,VA,INDEPENDENT
S6TX00453,"MORGUL, EMILY",DEM,TX,DEMOCRATIC PARTY
S6LA00565,"MOROTT, JOSHUA",REP,LA,REPUBLICAN PARTY
S6KY00302,"MORRIS, NATE",REP,KY,REPUBLICAN PARTY
S6NC00522,"MORROW, MICHELE",REP,NC,REPUBLICAN PARTY
S2NH00249,"MORSE, CHUCK",REP,NH,REPUBLICAN PARTY
S6MA00296,"MOULTON, SETH",DEM,MA,DEMOCRATIC PARTY
S6IL00557,"MUHAMMAD, TYRONE",IND,IL,INDEPENDENT
S6FL00806,"MUJICA, HECTOR DANIEL",DEM,FL,DEMOCRATIC PARTY
S2OK00186,"MULLIN, MARKWAYNE",REP,OK,REPUBLICAN PARTY
S6RI00304,"MUNOZ, LUIS DANIEL DR",DEM,RI,DEMOCRATIC PARTY
S4NJ00532,"MURPHY, JUSTIN MICHAEL LL.M.",REP,NJ,REPUBLICAN PARTY
S6PA00332,"MURPHY, MICHAEL ANTHONY",DEM,PA,DEMOCRATIC PARTY
S6AL00484,"MURPHY, MORGAN W. W.",REP,AL,REPUBLICAN PARTY
S6KS00270,"MURRAY, ERIK",DEM,KS,DEMOCRATIC PARTY
S6MT00238,"NEILL, REILLY",DEM,MT,DEMOCRATIC PARTY
S6NC00340,"NICKEL, WILEY",DEM,NC,DEMOCRATIC PARTY
S6NC00357,"NILSSON, ROBERT ANDERS MR",REP,NC,REPUBLICAN PARTY
S6FL00830,"NIXON, ANGELA",DEM,FL,DEMOCRATIC PARTY
S6MN00473,"NORD, BILLY",DFL,MN,DEMOCRATIC-FARMER-LABOR
S6SC04445,"NORMAN, RALPH",REP,SC,REPUBLICAN PARTY
S6IA00280,"NORRIS, JACKIE",DEM,IA,DEMOCRATIC PARTY
S6NM01160,"OCONNELL, MELISSA MIRA",IND,NM,INDEPENDENT
S6OH00387,"ODE, FREDERICK J",DEM,OH,DEMOCRATIC PARTY
S6SC04411,"OLIVER, BENTLEY",REP,SC,REPUBLICAN PARTY
S0TN00193,"ONYEJIAKA, DIANA",DEM,TN,DEMOCRATIC PARTY
S6IL00573,"ORTEGA, JANUARIO MR.",REP,IL,REPUBLICAN PARTY
S4NE00207,"OSBORN, DAN",IND,NE,INDEPENDENT
S8GA00180,"OSSOFF, T. JONATHAN",DEM,GA,DEMOCRATIC PARTY
S6IL00524,"PALMER, ROBERT A MR",DEM,IL,DEMOCRATIC PARTY
S6NH00141,"PAPPAS, CHRIS",DEM,NH,DEMOCRATIC PARTY
S6KS00239,"PARELKAR, LOIS ANNE ELIZABETH LEA",DEM,KS,DEMOCRATIC PARTY
S6SC04460,"PARKER, GLENDA GAIL",REP,SC,REPUBLICAN PARTY
S6PA00340,"PARVEZ, TARIQ",REP,PA,REPUBLICAN PARTY
S6TX00388,"PAXTON, WARREN KENNETH JR.",REP,TX,REPUBLICAN PARTY
S6ME00498,"PELLETIER, SAUNDRA",DEM,ME,DEMOCRATIC PARTY
S6AK00276,"PELTOLA, MARY",DEM,AK,DEMOCRATIC PARTY
S4OR00156,"PERKINS, JO RAE",REP,OR,REPUBLICAN PARTY
S6FL00764,"PERRY, NEELAM TANEJA DR",NPA,FL,NO PARTY AFFILIATION
S6FL00772,"PERRY, NEELAM TANEJA DR",NPA,FL,NO PARTY AFFILIATION
S6FL00780,"PERRY, NEELAM TANEJA DR",NPA,FL,NO PARTY AFFILIATION
S4MN00551,"PETERSEN, RAYMOND DAVID",REP,MN,REPUBLICAN PARTY
S4MI00355,"PETERS, GARY",DEM,MI,DEMOCRATIC PARTY
S6WV00170,"PHILLIPS, RIO",IND,WV,INDEPENDENT
S6GA00440,"PILE, CHELSAE",REP,GA,REPUBLICAN PARTY
S6GA00432,"PILE, CHELSAE",REP,GA,REPUBLICAN PARTY
S4MS00187,"PINKINS, TY",IND,MS,INDEPENDENT
S6AR00165,"PITTMAN, JONATHAN",DEM,AR,DEMOCRATIC PARTY
S6ME00373,"PLATNER, GRAHAM",DEM,ME,DEMOCRATIC PARTY
S6CO00515,"POND, SEAN M.",CON,CO,CONSTITUTION PARTY
S6OK04197,"PRIEST, JIM",DEM,OK,DEMOCRATIC PARTY
S6CA01053,"PULLIAM, ALANDER",IND,CA,INDEPENDENT
S6NC00423,"QUICK, ORRICK ROMAINE",DEM,NC,DEMOCRATIC PARTY
S6OK04262,"RAGAIN, BRIAN MATTHEW",REP,OK,REPUBLICAN PARTY
S6CA01079,"RAM, MELANIE",DEM,CA,DEMOCRATIC PARTY
S6KY00252,"RANDALL, JARED",DEM,KY,DEMOCRATIC PARTY
S4WY00162,"RASNER, REID",REP,WY,REPUBLICAN PARTY
S6OH00429,"REDPATH, WILLIAM",LIB,OH,LIBERTARIAN PARTY
S6RI00163,"REED, JOHN F.",DEM,RI,DEMOCRATIC PARTY
S6VA00176,"REEVES, BRYCE",REP,VA,REPUBLICAN PARTY
S6ME00282,"RENCH, PHILLIP",IND,ME,INDEPENDENT
S6VA00150,"REYNOLDS, JASON STEPHEN",DEM,VA,DEMOCRATIC PARTY
S6ME00415,"RICH, TIMOTHY",UN,ME,UNAFFILIATED
S6NE00129,"RICKETTS, PETE",REP,NE,REPUBLICAN PARTY
S6MA00254,"RIKLEEN, ALEXANDER",DEM,MA,DEMOCRATIC PARTY
S8ID00092,"RISCH, JAMES E MR.",UNK,ID,UNKNOWN
S6FL00897,"RIVERA, ERNEST ERNIE JOHN REV. DR.",REP,FL,REPUBLICAN PARTY
S6NJ00396,"RIVERA, NATALIE",IND,NJ,INDEPENDENT
S6AK00318,"ROBERTS, REECE",NON,AK,NON-PARTY
S6PA00373,"ROBINSON, MICHAEL D",DEM,PA,DEMOCRATIC PARTY
S6ME00365,"RODRIGUEZ, DAIRA",DEM,ME,DEMOCRATIC PARTY
S6IL00631,"RODRIQUEZ, ADAIR",DEM,IL,DEMOCRATIC PARTY
S4MI00595,"ROGERS, MICHAEL J",REP,MI,REPUBLICAN PARTY
S6KY00369,"ROMANS, DALE",DEM,KY,DEMOCRATIC PARTY
S6OH00403,"ROSE, DAKOTA",DEM,OH,DEMOCRATIC PARTY
S6ID00138,"ROTH, DAVID JORDAN",DEM,ID,DEMOCRATIC PARTY
S4SD00049,"ROUNDS, MIKE",REP,SD,REPUBLICAN PARTY
S6ID00153,"ROY, JOSHUA S",REP,ID,REPUBLICAN PARTY
S4MN00486,"RUOHO, MIKE",REP,MN,REPUBLICAN PARTY
S6AR00181,"RUSSELL, JAMES RICHARD MR III",DEM,AR,DEMOCRATIC PARTY
S6OR05192,"RYAN, JACOB",DEM,OR,DEMOCRATIC PARTY
S6IL00581,"RYAN, KEVIN",DEM,IL,DEMOCRATIC PARTY
S6NH00224,"SAAL, MAXWELL LEAVY",DEM,NH,DEMOCRATIC PARTY
S6IA00256,"SAGE, NATHAN",DEM,IA,DEMOCRATIC PARTY
S6SC04452,"SANFORD, MARSHALL C HON.",REP,SC,REPUBLICAN PARTY
S4NE00090,"SASSE, BENJAMIN E.",REP,NE,REPUBLICAN PARTY
S6CO00457,"SCANLON, MICHAEL",DEM,CO,DEMOCRATIC PARTY
S6IL00417,"SCHILLING, JOSEPH DAVID",OTH,IL,OTHER
S6KS00288,"SCHMIDT, PATRICK",DEM,KS,DEMOCRATIC PARTY
S6TX00321,"SCHMOKER, TONY",REP,TX,REPUBLICAN PARTY
S6IA00264,"SCHOLTEN, JAMES",DEM,IA,DEMOCRATIC PARTY
S6IL00698,"SCHWARTZBERG, STEVEN J",,IL,
S6MN00457,"SCHWARZE, ADAM",REP,MN,REPUBLICAN PARTY
S6MI00434,"SCOTT, GENEVIEVE",REP,MI,REPUBLICAN PARTY
S6SC04312,"SEDLETSKY, PAUL",IND,SC,INDEPENDENT
S6LA00573,"SEIDEN, KATHY W",REP,LA,REPUBLICAN PARTY
S0NH00219,"SHAHEEN, JEANNE",DEM,NH,DEMOCRATIC PARTY
S6ME00449,"SHAH, NIRAV",DEM,ME,DEMOCRATIC PARTY
S6KY00294,"SHELLEY, *ANDREW NICHOLAS",REP,KY,REPUBLICAN PARTY
S6IL00599,"SHEPHERD, JUMP WESLEY",DEM,IL,DEMOCRATIC PARTY
S6MI00533,"SHERMAN, JASON",IDP,MI,INDEPENDENCE PARTY
S6AR00199,"SHOFFNER, HALLIE",DEM,AR,DEMOCRATIC PARTY
S4WV00357,"SHREWSBURY, ZACHARY C",DEM,WV,DEMOCRATIC PARTY
S6DE00198,"SHULLI, JOHN",REP,DE,REPUBLICAN PARTY
S2NC00547,"SIBHATU, LICHIA WOLDEGABREAL",REP,NC,REPUBLICAN PARTY
S6TX00495,"SIMMONS, JADE",IND,TX,INDEPENDENT
S6TX00503,"SIMMONS, JADE",IND,TX,INDEPENDENT
S6MN00481,"SIMONETTI, MARISA",NON,MN,NON-PARTY
S6TX00586,"SIMS, DANIEL M",LIB,TX,LIBERTARIAN PARTY
S6NH00133,"SIVALINGAM, TEJASINHA",REP,NH,REPUBLICAN PARTY
S6OR05184,"SKELTON, TIMOTHY WILLIAM",REP,OR,REPUBLICAN PARTY
S6WY00191,"SKOVGARD, JIMMY MR",REP,WY,REPUBLICAN PARTY
S6LA00672,"SKRMETTA, ERIC",REP,LA,REPUBLICAN PARTY
S6ME00290,"SMERIGLIO, DANIEL C",REP,ME,REPUBLICAN PARTY
S6MS00125,"SMITH, ANDREW SCOTT",REP,MS,REPUBLICAN PARTY
S6IL00441,"SMITH, ANTHONY J MR",IND,IL,INDEPENDENT
S6MI00517,"SMITH, BERNADETTE",REP,MI,REPUBLICAN PARTY
S4VA00197,"SMITH, C.L. CHUCK JR",REP,VA,REPUBLICAN PARTY
S6OR05218,"SMITH, DAVID BROCK",REP,OR,REPUBLICAN PARTY
S6IA00207,"SMITH, JOSHUA DANIEL",REP,IA,REPUBLICAN PARTY
S8MN00578,"SMITH, TINA",DEM,MN,DEMOCRATIC PARTY
S6NM01137,"SMITH, TOBY MR.",JCN,NM,JEWISH/CHRISTIAN NATIONAL
S2KS00097,"SOETAERT, MICHAEL",DEM,KS,DEMOCRATIC PARTY
S6OR05226,"SOLOMON, GAVIN",REP,OR,REPUBLICAN PARTY
S6OR05234,"SOLOMON, GAVIN",REP,OR,REPUBLICAN PARTY
S6CT05157,"SOLOMON, GAVIN",REP,CT,REPUBLICAN PARTY
S6MI00574,"SOLOMON, GAVIN",REP,MI,REPUBLICAN PARTY
S6AL00542,"SOLOMON, GAVIN",REP,AL,REPUBLICAN PARTY
S6AL00534,"SOLOMON, GAVIN",REP,AL,REPUBLICAN PARTY
S6OH00452,"SOLOMON, GAVIN",REP,OH,REPUBLICAN PARTY
S6NY00524,"SOLOMON, GAVIN",REP,NY,REPUBLICAN PARTY
S6CO00572,"SOLOMON, GAVIN",REP,CO,REPUBLICAN PARTY
S6CO00580,"SOLOMON, GAVIN",REP,CO,REPUBLICAN PARTY
S6MA00320,"SOLOMON, GAVIN",REP,MA,REPUBLICAN PARTY
S6NY00516,"SOLOMON, GAVIN",REP,NY,REPUBLICAN PARTY
S6IL00706,"SOLOMON, GAVIN",REP,IL,REPUBLICAN PARTY
S6WV00212,"SOLOMON, GAVIN",REP,WV,REPUBLICAN PARTY
S6NY00508,"SOLOMON, GAVIN",REP,NY,REPUBLICAN PARTY
S6NY00490,"SOLOMON, GAVIN",REP,NY,REPUBLICAN PARTY
S6OK04296,"SOLOMON, GAVIN",REP,OK,REPUBLICAN PARTY
S6NV00374,"SOLOMON, GAVIN",REP,NV,REPUBLICAN PARTY
S6PA00399,"SOLOMON, GAVIN",REP,PA,REPUBLICAN PARTY
S6WI00178,"SOLOMON, GAVIN",REP,WI,REPUBLICAN PARTY
S6PR00025,"SOLOMON, GAVIN",REP,PR,REPUBLICAN PARTY
S6NM01202,"SOLOMON, GAVIN",REP,NM,REPUBLICAN PARTY
S6DC00014,"SOLOMON, GAVIN",REP,DC,REPUBLICAN PARTY
S6WA00495,"SOLOMON, GAVIN",REP,WA,REPUBLICAN PARTY
S6AK00334,"SOLOMON, GAVIN",REP,AK,REPUBLICAN PARTY
S6DC00030,"SOLOMON, GAVIN",REP,DC,REPUBLICAN PARTY
S6RI00312,"SOLOMON, GAVIN",REP,RI,REPUBLICAN PARTY
S6RI00320,"SOLOMON, GAVIN",REP,RI,REPUBLICAN PARTY
S6AS00015,"SOLOMON, GAVIN",REP,AS,REPUBLICAN PARTY
S6NC00571,"SOLOMON, GAVIN",REP,NC,REPUBLICAN PARTY
S6WA00487,"SOLOMON, GAVIN",REP,WA,REPUBLICAN PARTY
S6DC00048,"SOLOMON, GAVIN",REP,DC,REPUBLICAN PARTY
S6AZ00423,"SOLOMON, GAVIN",REP,AZ,REPUBLICAN PARTY
S6AZ00449,"SOLOMON, GAVIN",REP,AZ,REPUBLICAN PARTY
S6VA00259,"SOLOMON, GAVIN",REP,VA,REPUBLICAN PARTY
S6NJ00487,"SOLOMON, GAVIN",REP,NJ,REPUBLICAN PARTY
S6MD03706,"SOLOMON, GAVIN",REP,MD,REPUBLICAN PARTY
S6NJ00479,"SOLOMON, GAVIN",REP,NJ,REPUBLICAN PARTY
S6NJ00453,"SOLOMON, GAVIN",REP,NJ,REPUBLICAN PARTY
S6DE00248,"SOLOMON, GAVIN",REP,DE,REPUBLICAN PARTY
S6DE00255,"SOLOMON, GAVIN",REP,DE,REPUBLICAN PARTY
S6ME00506,"SOLOMON, GAVIN",REP,ME,REPUBLICAN PARTY
S6SC04478,"SOLOMON, GAVIN",REP,SC,REPUBLICAN PARTY
S6FL00954,"SOLOMON, GAVIN",REP,FL,REPUBLICAN PARTY
S6FL00913,"SOLOMON, GAVIN",REP,FL,REPUBLICAN PARTY
S6MO00487,"SOLOMON, GAVIN",REP,MO,REPUBLICAN PARTY
S6NC00597,"SOLOMON, GAVIN",REP,NC,REPUBLICAN PARTY
S6MN00580,"SOLOMON, GAVIN",REP,MN,REPUBLICAN PARTY
S6TN00422,"SOLOMON, GAVIN",REP,TN,REPUBLICAN PARTY
S6WY00233,"SOLOMON, GAVIN",REP,WY,REPUBLICAN PARTY
S6MI00582,"SOLOMON, GAVIN",REP,MI,REPUBLICAN PARTY
S6ND00124,"SOLOMON, GAVIN",REP,ND,REPUBLICAN PARTY
S6CA01111,"SOLOMON, GAVIN",REP,CA,REPUBLICAN PARTY
S6HI00321,"SOLOMON, GAVIN",REP,HI,REPUBLICAN PARTY
S6GA00473,"SOLOMON, GAVIN",REP,GA,REPUBLICAN PARTY
S6TX00644,"SOLOMON, GAVIN",REP,TX,REPUBLICAN PARTY
S6CA01129,"SOLOMON, GAVIN",REP,CA,REPUBLICAN PARTY
S6NE00186,"SOLOMON, GAVIN",REP,NE,REPUBLICAN PARTY
S6LA00698,"SPENCER, MARK",REP,LA,REPUBLICAN PARTY
S6KS00262,"SPIDEL NEUMANN, SANDY",DEM,KS,DEMOCRATIC PARTY
S6FL00574,"STANDRIDGE, JASON CLYDE MR.",AMP,FL,AMERICAN PARTY
S6MI00509,"STEPHENS, THOMAS WAYNE",NPA,MI,NO PARTY AFFILIATION
S6PA00365,"STEVENS, DENNIS GENE",DEM,PA,DEMOCRATIC PARTY
S6FL00707,"STEVENS, DENNIS GENE MR",DEM,FL,DEMOCRATIC PARTY
S6FL00715,"STEVENS, DENNIS GENE MR",DEM,FL,DEMOCRATIC PARTY
S6MI00426,"STEVENS, HALEY",DEM,MI,DEMOCRATIC PARTY
S4NE00264,"STEVENS, MAC",REP,NE,REPUBLICAN PARTY
S6KY00211,"STEVENSON, PAMELA",DEM,KY,DEMOCRATIC PARTY
S6DE00222,"STEVENS, TRAVIS",DEM,DE,DEMOCRATIC PARTY
S6IL00458,"STRATTON, JULIANA",DEM,IL,DEMOCRATIC PARTY
S6SC04320,"STRUNGE, EDWARD IV",ICD,SC,INDEPENDENT CONSERVATIVE DEMOCRATIC
S4AK00214,"SULLIVAN, DAN",REP,AK,REPUBLICAN PARTY
S6AK00326,"SULLIVAN, DANIEL J",REP,AK,REPUBLICAN PARTY
S6NH00190,"SULLIVAN, JARED",DEM,NH,DEMOCRATIC PARTY
S6NH00208,"SUNUNU, JOHN E",REP,NH,REPUBLICAN PARTY
S6TN00398,"SUTMAN, DAVID JR",IND,TN,INDEPENDENT
S6IL00409,"SWANN, CHRISTOPHER ALEXANDER",DEM,IL,DEMOCRATIC PARTY
S6TX00396,"SWANSON, MICHAEL",DEM,TX,DEMOCRATIC PARTY
S6OK04148,"SWEARENGIN, TAMMY",REP,OK,REPUBLICAN PARTY
S6AL00435,"SWEETSER, KYLE",DEM,AL,DEMOCRATIC PARTY
S6NJ00420,"TABOR, RICHARD JEROME SR",REP,NJ,REPUBLICAN PARTY
S6MA00288,"TACHE, JOSEPH",OTH,MA,OTHER
S6MN00556,"TAFOYA, MICHELE",REP,MN,REPUBLICAN PARTY
S6TX00479,"TALARICO, JAMES",DEM,TX,DEMOCRATIC PARTY
S6MN00564,"TAMBORNINO, EDWARD HAROLD",UN,MN,UNAFFILIATED
S6FL00871,"TANEJA PERRY, NEELAM DR",REP,FL,REPUBLICAN PARTY
S6MI00459,"TATE, JOSEPH ALLEN",DEM,MI,DEMOCRATIC PARTY
S6KS00296,"TAYLOR, NOAH",DEM,KS,DEMOCRATIC PARTY
S6NC00548,"TEMPLE, ELIZABETH A.",REP,NC,REPUBLICAN PARTY
S6GA00309,"TEMPLE, RICK",REP,GA,REPUBLICAN PARTY
S6OK04163,"THOMAS, N'KIYLA JASMINE - ANN",DEM,OK,DEMOCRATIC PARTY
S6KY00310,"THOMPSON, VINCENT ANTHONY",DEM,KY,DEMOCRATIC PARTY
S4NC00162,"TILLIS, THOM R SEN",REP,NC,REPUBLICAN PARTY
S2IL00234,"TILLMAN, JIMMY LEE II",REP,IL,REPUBLICAN PARTY
S6MS00141,"TILL, PRISCILLA WILLIAMS",DEM,MS,DEMOCRATIC PARTY
S6MS00158,"TILL, PRISCILLA WILLIAMS",DEM,MS,DEMOCRATIC PARTY
S6NJ00362,"TOMAINI, GREGORY RICHARD COLONEL",DEM,NJ,DEMOCRATIC PARTY
S4FL00769,"TOULME, ALIX CHRISTOPHER MR. JR.",REP,FL,REPUBLICAN PARTY
S6IL00615,"TRACY, DON",REP,IL,REPUBLICAN PARTY
S6TX00529,"TRAKAS, ANDREW KYLE",REP,TX,REPUBLICAN PARTY
S6KY00203,"TRIMBLE, JACOB DANIEL",REP,KY,REPUBLICAN PARTY
S6TX00487,"TRUELSON, HANS",NNE,TX,NONE
S0AL00230,"TUBERVILLE, THOMAS H",REP,AL,REPUBLICAN PARTY
S6IA00298,"TUREK, JOSHUA",DEM,IA,DEMOCRATIC PARTY
S6FL00855,"VINDMAN, ALEXANDER",DEM,FL,DEMOCRATIC PARTY
S6TX00412,"VIRTS, TERRY",DEM,TX,DEMOCRATIC PARTY
S6OH00346,"VOLPE, CHRISTOPHER",DEM,OH,DEMOCRATIC PARTY
S6OH00353,"VOLPE, CHRISTOPHER",DEM,OH,DEMOCRATIC PARTY
S6AR00223,"WADLIN, JEFFREY FRANCIS",LIB,AR,LIBERTARIAN PARTY
S6IA00272,"WAHLS, ZACH P",DEM,IA,DEMOCRATIC PARTY
S6LA00623,"WALKER, JABARIE",DEM,LA,DEMOCRATIC PARTY
S6LA00649,"WALKER, JABARIE",DEM,LA,DEMOCRATIC PARTY
S6LA00631,"WALKER, JABARIE",DEM,LA,DEMOCRATIC PARTY
S6AL00468,"WALKER, RODNEY",REP,AL,REPUBLICAN PARTY
S4MT00209,"WALKINGCHILD, CHARLES SR",REP,MT,REPUBLICAN PARTY
S6FL00442,"WALLS-WINDHAUSER, ANGELA MARIE",REP,FL,REPUBLICAN PARTY
S6MD03680,"WARD III, JUSTIN HARVEY RANDOLPH",DEM,MD,DEMOCRATIC PARTY
S6VA00093,"WARNER, MARK ROBERT",DEM,VA,DEMOCRATIC PARTY
S6OK04221,"WASHINGTON, WAYNE LONNY DR.",REP,OK,REPUBLICAN PARTY
S6RI00262,"WATERS, ALLEN",REP,RI,REPUBLICAN PARTY
S6GA00283,"WATKINS, VINSON L",REP,GA,REPUBLICAN PARTY
S6ME00480,"WEBB, ASHLEY JAMES",DEM,ME,DEMOCRATIC PARTY
S6MN00515,"WEILER, TOM",REP,MN,REPUBLICAN PARTY
S2FL00466,"WEIL, JOSHUA",DEM,FL,DEMOCRATIC PARTY
S6FL00756,"WEIL, JOSHUA JOSEPH",DEM,FL,DEMOCRATIC PARTY
S6KY00393,"WENZEL, DONALD RAY",REP,KY,REPUBLICAN PARTY
S6AL00518,"WESS, EVERETT W",DEM,AL,DEMOCRATIC PARTY
S6NC00415,"WHATLEY, MICHAEL",REP,NC,REPUBLICAN PARTY
S6AL00393,"WHEELER, MARK SHANNON MR II",DEM,AL,DEMOCRATIC PARTY
S6SC04247,"WHITENER, KASIE DR.",LIB,SC,LIBERTARIAN PARTY
S4MN00502,"WHITE, ROYCE",REP,MN,REPUBLICAN PARTY
S0AR00218,"WHITFIELD, DANIEL ALLEN",DEM,AR,DEMOCRATIC PARTY
S6MN00572,"WHITING, REBECCA",LIB,MN,LIBERTARIAN PARTY
S6TN00414,"WHITSON, CATHERINE BARCEL MS BARCY",IND,TN,INDEPENDENT
S6KY00336,"WILLETT, JOEL",DEM,KY,DEMOCRATIC PARTY
S6VA00200,"WILLIAMS, DAVID EARL MR.",REP,VA,REPUBLICAN PARTY
S6CO00531,"WILLIAMS, JESSICA",DEM,CO,DEMOCRATIC PARTY
S8NC00270,"WILLIAMS, MARCUS W.",DEM,NC,DEMOCRATIC PARTY
S6TX00537,"WILLIAMS, PAULA STEPHEN MS",DEM,TX,DEMOCRATIC PARTY
S6WV00162,"WILLIS, THOMAS EDWARD II",REP,WV,REPUBLICAN PARTY
S8MI00422,"WILLIS, VALERIE LEE",IND,MI,INDEPENDENT
S6WV00204,"WILSON, S. MARSHALL",CON,WV,CONSTITUTION PARTY
S6FL00814,"WINDHAUSER, ANGIE",REP,FL,REPUBLICAN PARTY
S6CO00564,"WITHROW, ADAM",UNI,CO,UNITED PARTY
S6ME00332,"WOOD, JORDAN",DEM,ME,DEMOCRATIC PARTY
S6CO00432,"WOOD, MATTHEW",IND,CO,INDEPENDENT
S6SC04205,"WRIGHT-MCDONALD, REECE",IND,SC,INDEPENDENT
S6SC04429,"WRIGHT-MCDONALD, REECE",REP,SC,REPUBLICAN PARTY
S6TX00313,"WYATT, DOC LEO DR",REP,TX,REPUBLICAN PARTY
S6LA00532,"WYATT, SAMUEL LEE MR.",REP,LA,REPUBLICAN PARTY
S6OK04270,"YEN, ERVIN STONE DR",DEM,OK,DEMOCRATIC PARTY
S6MN00549,"YORK, MARK",REP,MN,REPUBLICAN PARTY
S6IN00274,"YOUNG, ALEEM MR",DEM,IN,DEMOCRATIC PARTY
S6NJ00412,"ZDAN, ALEX",REP,NJ,REPUBLICAN PARTY
S6CO00465,"ZIMPFER, ANTHONY JACOB",DEM,CO,DEMOCRATIC PARTY
S6MI00483,"ZOLLNER, TRAVIS JOSEPH",DEM,MI,DEMOCRATIC PARTY
